Top pages,Clicks,Impressions,CTR,Position
https://idealcredit.md/,5143,79032,6.51%,11.62
https://idealcredit.md/credite/refinantare,1151,13831,8.32%,11.3
https://idealcredit.md/cerere-de-credit-online,125,6122,2.04%,31.52
https://idealcredit.md/credite/credit-pentru-automobil,50,6312,0.79%,24.2
https://idealcredit.md/credite/credit-pina-la-salariu,49,856,5.72%,28.78
https://idealcredit.md/index.html,32,316,10.13%,33.16
https://idealcredit.md/credite/credit-pentru-reparatie,28,325,8.62%,8.07
https://idealcredit.md/blog/istoricul-de-credit-si-sansele-tale,22,812,2.71%,14.66
https://idealcredit.md/credite/credit-pentru-nevoi-personale,21,2492,0.84%,43.22
https://idealcredit.md/credite/credit-pentru-afaceri-mici,20,2101,0.95%,26.98
https://idealcredit.md/blog/istoria-de-credit-si-impactul-asupra-finantelor-tale,19,536,3.54%,9.49
https://idealcredit.md/contacte,17,693,2.45%,3.47
https://idealcredit.md/blog/ce-se-intampla-daca-nu-poti-rambursa-un-credit,11,863,1.27%,10.7
https://idealcredit.md/despre-noi,10,647,1.55%,6.81
https://idealcredit.md/credite,7,925,0.76%,20.42
https://idealcredit.md/blog/ghid-credit-afaceri-ocn-moldova,5,369,1.36%,6.88
https://idealcredit.md/credite/credit-pentru-bugetari,5,118,4.24%,4.32
https://idealcredit.md/calculator-credit,4,174,2.3%,29.97
https://idealcredit.md/blog/credite-doar-cu-buletinul-mituri-vs-realitate,4,118,3.39%,22.69
https://idealcredit.md/blog/cum-sa-alegi-cel-mai-bun-credit-nebancar-pentru-afaceri,3,253,1.19%,40.93
https://idealcredit.md/blog/istoria-aparitiei-banilor-si-rolul-lor-in-dezvoltarea-economica,3,181,1.66%,18.25
https://idealcredit.md/credite/credit-pentru-agricultura,3,107,2.8%,6.91
https://idealcredit.md/credite/credit-capital-de-lucru,2,392,0.51%,35.39
https://idealcredit.md/blog/ce-este-un-credit-rapid-si-cand-avem-nevoie-de-el,2,264,0.76%,28.87
https://idealcredit.md/blog/dobanda-si-care-sunt-costurile-reale-ale-unui-credit,2,253,0.79%,8.15
https://idealcredit.md/blog/cum-alegi-credit-nebancar-pentru-afaceri,1,316,0.32%,36.94
https://idealcredit.md/terms,1,54,1.85%,22.93
https://idealcredit.md/blog/credit-rapid-decizie-in-ore,1,20,5%,3.45
https://idealcredit.md/credite/credit-pentru-medici,1,16,6.25%,10.12
https://idealcredit.md/blog/costul-real-al-unui-credit-nebancar,0,119,0%,7.22
https://idealcredit.md/credite/credit-investitional,0,99,0%,18.8
https://idealcredit.md/blog,0,90,0%,25.39
https://idealcredit.md/privacy,0,54,0%,5.93
https://idealcredit.md/blog/ocn-vs-banca-credit-afaceri-moldova,0,51,0%,7.98
https://idealcredit.md/blog/credit-cu-buletinul-ce-cere-ideal-credit,0,27,0%,15.3
https://idealcredit.md/blog/documente-necesare-credit-afaceri-moldova,0,21,0%,20.86
https://idealcredit.md/cookies,0,20,0%,5.65
https://idealcredit.md/credite/credit-pentru-politisti,0,17,0%,24.71
https://idealcredit.md/credite/credit-pentru-militari,0,15,0%,17.13
https://idealcredit.md/blog/de-la-imprumuturi-in-antichitate-la-finantarea-moderna,0,10,0%,28.4
https://idealcredit.md/regulament-prestarea-serviciilor.pdf,0,1,0%,4