Top queries,Clicks,Impressions,CTR,Position
credit online fara refuz,545,5110,10.67%,5.57
credite nebancare,327,2649,12.34%,11.76
ideal credit,299,508,58.86%,1.74
credit fara refuz,290,2657,10.91%,6.71
credite cu istoric negativ md,230,1884,12.21%,5.61
credite,222,2270,9.78%,10.35
cine ofera credit fără refuz md,209,2084,10.03%,7.81
credite online urgente md,160,1699,9.42%,6.1
credite fără verificare,149,1743,8.55%,9.73
credit,141,1537,9.17%,23.69
refinantare credit cu istoric negativ md,117,621,18.84%,3.97
credit nebancar,110,1034,10.64%,9.6
credite fara lucru oficial,92,1495,6.15%,7.61
credit cu istoric negativ,92,721,12.76%,4.91
credite nebancare pentru restantieri md,87,545,15.96%,2.04
refinantare credit,81,1097,7.38%,12.88
oferim credite,77,734,10.49%,3.56
banci care acorda credit cu istoric negativ,68,543,12.52%,3.7
credit md,64,1114,5.75%,12.29
credit fara lucru oficial,58,763,7.6%,6.44
credite nebancare urgente online,57,446,12.78%,9.78
credite fara gaj si loc de munca,50,1198,4.17%,11.28
credite online,45,654,6.88%,27.62
credite md,40,956,4.18%,14.22
credite fara refuz,40,318,12.58%,6.46
bani in credit,38,653,5.82%,8.35
idealcredit,38,66,57.58%,1.26
cerere online credit,37,426,8.69%,6.66
credit fara refuz md,34,247,13.77%,8.62
credit nebancar urgent,33,286,11.54%,2.75
credit nebancar online,32,308,10.39%,6.56
credit bun,31,626,4.95%,11.6
refinantare credite cu intarzieri md,31,216,14.35%,5.09
credit fara gaj doar cu buletinul,29,506,5.73%,7.58
credite nebancare md,29,252,11.51%,2.54
extra credit md,28,264,10.61%,7.22
credit chisinau,27,1022,2.64%,17.52
credit online,27,499,5.41%,30.79
credit moldova,26,1015,2.56%,20.02
credite moldova,26,812,3.2%,16.92
credit cu istoric negativ md,26,240,10.83%,5.36
credit fara venit lunar md,25,501,4.99%,13.8
refinantare,25,170,14.71%,11.82
credite rapide,24,386,6.22%,7.76
credit direct pe card,23,150,15.33%,18.81
credit online pe card moldova,23,133,17.29%,23.25
credit online moldova,22,295,7.46%,22.8
credit nebancar cu istoric negativ,22,230,9.57%,5.44
credite cu istoric negativ,22,166,13.25%,4.45
credite fără verificare md,21,304,6.91%,10.56
bani imprumut cu istoric negativ,20,238,8.4%,5.31
credite online fara refuz,20,220,9.09%,5.54
credite cu istoric negativ md online,18,277,6.5%,5.09
credit nevoi personale,18,268,6.72%,17.13
credite nebancare cu istoric negativ,18,246,7.32%,3.99
refinantare credit cu istoric negativ,18,223,8.07%,9.09
credit fara refuz moldova,18,211,8.53%,6.69
credit refinantare,16,416,3.85%,22.56
refinantare credite nebancare,16,202,7.92%,6.2
credite chisinau,14,693,2.02%,16.69
credit pina la salariu,14,95,14.74%,16.44
credit fara loc de munca,13,341,3.81%,12.25
credit online nebancar,12,194,6.19%,6.89
credit 24 24,12,175,6.86%,7.64
credit online pe card,12,148,8.11%,31.44
credit fara banca,12,81,14.81%,7.59
credit online pe card fara refuz,11,119,9.24%,9.84
credit 24/24,10,193,5.18%,13.5
credit cu istorie negativa,10,182,5.49%,4.6
credite online pe card,10,81,12.35%,26.81
refinantare credite,10,76,13.16%,11.01
credit pentru refinantarea altui credit,9,350,2.57%,18.32
credit fără refuz,9,63,14.29%,7.44
credit pana la salariu,9,56,16.07%,9.64
credit istoric negativ,9,54,16.67%,3.24
credite in moldova,8,385,2.08%,13.58
refinantare credite pe 10 ani md,8,205,3.9%,16.52
credite online md,8,171,4.68%,22.68
acordare credit cu istoric negativ,8,111,7.21%,3.03
new credit md,8,95,8.42%,3.42
refinantare credit 120 luni,8,64,12.5%,7.55
credit in moldova,7,330,2.12%,18.31
credite online nebancare,7,192,3.65%,5.97
credit fara refuz chisinau,7,160,4.38%,7.06
credit online 24 7 moldova,7,126,5.56%,10.88
bani la procente de la persoane fizice md,7,120,5.83%,11.93
credit pentru a inchide alte credite,7,72,9.72%,10.03
credit cu istoric negativ online,7,64,10.94%,4.69
refinantare credit md,7,58,12.07%,9.21
credit online cu istoric negativ,7,51,13.73%,8.69
credite online fara loc de munca,7,47,14.89%,9.43
credite pentru refinantarea datoriilor,7,41,17.07%,12.71
împrumuturi nebancare,7,34,20.59%,13.09
credit urgent azi md,6,428,1.4%,13.84
credit chisinau doar cu buletinul,6,309,1.94%,5.75
credite md doar cu buletinul,6,207,2.9%,8.37
credit urgent,6,157,3.82%,14.87
credit cu buletinul,6,129,4.65%,14.88
credit nebancare,6,127,4.72%,31.25
credit 0 procente,6,80,7.5%,14.35
credit urgent cu istoric negativ,6,69,8.7%,6.23
credit direct pe card md,6,66,9.09%,16.26
credit online fara buletin,6,19,31.58%,8.79
refinantarea creditelor,5,288,1.74%,20.8
credit fara verificare in biroul de credit md,5,200,2.5%,9.88
credit fara gaj si loc de munca,5,168,2.98%,24.83
credit online md,5,150,3.33%,20.13
credit rapid md,5,138,3.62%,9.37
credit cu istorie rea,5,100,5%,9.27
credit md online,5,91,5.49%,18.89
credit rapid moldova,5,84,5.95%,9.25
credit rapid,5,63,7.94%,15.7
refinanțare credit,5,48,10.42%,8.69
credite pana la salariu,5,26,19.23%,9.54
credite online cu istoric negativ,5,21,23.81%,8
imprumut pana la salariu,5,16,31.25%,8.88
credit pentru afacere noua,5,11,45.45%,9.36
credit fara gaj,4,219,1.83%,13.61
credite online moldova,4,144,2.78%,24.31
companii de creditare,4,128,3.12%,11.91
credit auto,4,128,3.12%,33.05
credit negru,4,85,4.71%,8.29
caut credit,4,82,4.88%,11.72
cine oferă credit fara refuz md,4,78,5.13%,8.51
credite direct pe card,4,78,5.13%,12.63
bani la procente de la oameni fara gaj,4,74,5.41%,11.11
credit rapid fara venit,4,61,6.56%,6.21
credit fara venit oficial,4,61,6.56%,9.93
direct credit,4,42,9.52%,5.36
credit fără loc de muncă,4,33,12.12%,8.52
credit chiar daca ai istoric negativ,4,32,12.5%,6
credite md fara gaj,4,32,12.5%,11.34
credit online 24 24,4,29,13.79%,10.1
credite fara venit,4,21,19.05%,8.14
credit de urgenta,4,17,23.53%,4.41
credite fara gaj,3,194,1.55%,14.85
credit rapid chisinau,3,185,1.62%,10.72
credit.md,3,170,1.76%,15.36
credit online rapid,3,151,1.99%,20.19
credit nebancar rapid,3,98,3.06%,6.43
credit cu gaj auto,3,98,3.06%,26.73
credit cu gaj,3,93,3.23%,25.47
credit rapid online md,3,87,3.45%,15.59
credit auto moldova,3,70,4.29%,22.9
credit cu istoric negativ moldova,3,68,4.41%,5.54
credit nou,3,48,6.25%,9.4
кредит в молдове,3,48,6.25%,14.42
credit online chisinau,3,36,8.33%,15.22
credite.md,3,34,8.82%,11.41
credit online 24 7,3,32,9.38%,26.38
credite fara gaj sume mari,3,31,9.68%,9.23
credit online pe card md,3,22,13.64%,30.91
credite de refinantare,3,21,14.29%,10.71
cine oferă credit fără refuz md,3,20,15%,9.6
credite urgente online,3,18,16.67%,10.61
idea credit,3,12,25%,2.75
credit cu istoric negativ in biroul de credit,3,11,27.27%,2.55
credit nebancare online,3,11,27.27%,13.09
credite bancare pe termen lung,3,8,37.5%,7.5
masina in credit moldova,3,8,37.5%,13.75
credit sigur md,3,7,42.86%,25.71
credit pentru afaceri,2,305,0.66%,24.27
credit doar cu buletinul,2,171,1.17%,20.29
bani la procente urgent,2,155,1.29%,19.94
credit 100 online,2,150,1.33%,23.41
credit perfect,2,132,1.52%,23.21
credite moldova doar cu buletinul,2,128,1.56%,13.67
imprumuturi nebancare,2,87,2.3%,4.93
credite nebancare online,2,78,2.56%,5.77
credit md fara gaj,2,68,2.94%,11.49
credit moldova online,2,66,3.03%,19.42
credite cu buletinul,2,64,3.12%,19.25
istoria creditara,2,50,4%,9.44
credit fara verificare,2,47,4.26%,11.87
credite online direct pe card,2,45,4.44%,18.13
credite cu istoric negativ moldova,2,43,4.65%,10.72
credit 18 ani fara venit,2,42,4.76%,10.33
credit fara buletin,2,41,4.88%,7.32
credit moldova doar cu buletinul,2,36,5.56%,9.5
credite online doar cu buletinul md,2,28,7.14%,8.61
broker credite cu istoric negativ,2,26,7.69%,3
credit fara refuz online,2,25,8%,10.44
credit 24/7,2,24,8.33%,7.25
imprumuturi,2,23,8.7%,20.78
credite online chisinau,2,16,12.5%,21
credit online 24/24,2,14,14.29%,31.29
credit in 5 minute,2,13,15.38%,7.08
credit cu refinantare,2,13,15.38%,8.54
credit fara venit,2,13,15.38%,11.85
credit usor,2,13,15.38%,30.54
credit de refinantare cu istoric negativ,2,12,16.67%,2.92
credit de refinantare online,2,12,16.67%,8.08
istoria creditara md,2,12,16.67%,10.33
cerere de credit,2,12,16.67%,11.33
credit online refinantare,2,11,18.18%,10.64
credit 100 aprobare,2,8,25%,27
credite pentru refinantare,2,7,28.57%,10.29
credite pentru persoane cu istoric negativ,2,6,33.33%,3.5
credit nonstop,2,6,33.33%,6.5
refinanțare credite,2,6,33.33%,7.17
imprumut cu istoric negativ,2,5,40%,8
credit md pe card,2,4,50%,22
ideal credit card,2,3,66.67%,2
credite persoane fizice,1,310,0.32%,21.53
credite refinantare,1,297,0.34%,23.67
refinantare credite md,1,294,0.34%,20.05
refinantarea creditelor md,1,293,0.34%,19.35
credit de refinantare,1,265,0.38%,28.59
credit refinantare online,1,239,0.42%,28.77
credite persoane fizice moldova,1,237,0.42%,16.78
credite cu gaj,1,233,0.43%,29.73
credite persoane juridice,1,179,0.56%,38.5
primul credit gratuit md,1,125,0.8%,16.14
online credit,1,111,0.9%,26.23
credit moldova fara gaj,1,103,0.97%,10.83
credit auto md,1,101,0.99%,21.84
credite online rapide nebancare,1,95,1.05%,7.07
online credit md,1,89,1.12%,15.56
credite chisinau online,1,88,1.14%,17.18
credit de consum,1,80,1.25%,29.45
credite rapide moldova,1,79,1.27%,11
credite doar cu buletinul,1,70,1.43%,15.2
credite nebancare urgente,1,68,1.47%,6.47
credite fara verificare in biroul de credit,1,68,1.47%,7.32
credit online rapid nebancar,1,68,1.47%,7.91
masini in credit md,1,55,1.82%,14.44
credite online nebancare md,1,53,1.89%,5.53
credite rapide md,1,53,1.89%,10.85
credite rapide online,1,51,1.96%,12.73
credit de nevoi personale,1,46,2.17%,18.76
credit simplu,1,45,2.22%,23.62
credit 30 zile,1,44,2.27%,13.52
credit la negru,1,44,2.27%,16.07
credit rapid online,1,42,2.38%,21.29
credit rapid doar cu buletinul,1,39,2.56%,16.18
credit pentru afaceri mici,1,37,2.7%,18.97
credite avantajoase,1,34,2.94%,19.35
refinanțare,1,32,3.12%,7.78
credit rapid si sigur,1,32,3.12%,30.56
bani la procente fara gaj,1,28,3.57%,6.79
vreau credit urgent,1,27,3.7%,22.78
credite urgente,1,21,4.76%,6.76
credit bun md,1,20,5%,9
credit rapid fara loc de munca,1,19,5.26%,6.53
credite cu istorie creditara negativa,1,19,5.26%,8.68
auto credit md,1,18,5.56%,13
credit online 24/7,1,17,5.88%,26.47
ce se intampla daca nu platesti creditul de nevoi personale,1,16,6.25%,6.06
ce banci refinantare credite ifn,1,14,7.14%,4.79
credite neachitate ce se poate intampla,1,14,7.14%,8.5
nu am platit rata la banca de 3 ani,1,13,7.69%,6.77
credit urgent online 2 min,1,13,7.69%,8.08
credit rapid online fara acte,1,13,7.69%,8.77
bani pana la salariu,1,13,7.69%,8.92
credit fara refuz cu istoric negativ,1,12,8.33%,3.25
credit bancar fara loc de munca,1,12,8.33%,6.17
companii de microfinantare md,1,11,9.09%,13.18
credite auto persoane fizice,1,11,9.09%,13.55
credite cu gaj auto,1,11,9.09%,26.73
credit duminica,1,10,10%,6.5
creditemd,1,10,10%,9.1
împrumut bani la procente кишинев,1,10,10%,9.5
credit rapid direct pe card,1,10,10%,11.5
da credit,1,9,11.11%,8.22
raport de credit,1,9,11.11%,8.89
credite 24/7,1,9,11.11%,9.78
credit pentru persoane cu istoric negativ,1,9,11.11%,10.33
credit online pe card 24 7,1,9,11.11%,25.33
credite online pe card moldova,1,9,11.11%,28.56
calculator credit,1,9,11.11%,36.67
credite pe card,1,9,11.11%,36.78
credite fara verificare,1,8,12.5%,12.88
credit rapid fara refuz,1,8,12.5%,13
creditonline,1,8,12.5%,16.88
credit refinantare cu istoric negativ,1,8,12.5%,22
refinantare mai multe credite,1,7,14.29%,4.86
refinantare cu istoric negativ,1,7,14.29%,5.71
credit fara refuz prin sms,1,7,14.29%,16.29
credit pentru toti,1,7,14.29%,21.14
capital de lucru,1,6,16.67%,2.67
credite istoric negativ,1,6,16.67%,4.17
primul credit fara dobanda,1,6,16.67%,9
credit rapid cu istoric negativ,1,6,16.67%,9.5
credit cu aprobare rapida,1,6,16.67%,11.17
vreau credit,1,6,16.67%,18.33
credit urgent nebancar,1,6,16.67%,25.5
masini in credit fara banca,1,6,16.67%,30
credite non bancare,1,6,16.67%,47.33
imprumuturi fara loc de munca,1,5,20%,5.8
credit pentru refinantare,1,5,20%,7.8
credit refinanțare,1,5,20%,8
credit până la salariu,1,5,20%,8.8
banci nebancare,1,5,20%,9.2
bani imprumut fara birou de credite,1,5,20%,9.8
credit online pana la salariu,1,5,20%,11.2
credete,1,5,20%,20.6
credit rapid pe card,1,5,20%,29.4
credit fara job,1,4,25%,5
refinantare credite cu intarzieri,1,4,25%,5
credit 24 7,1,4,25%,6.5
credite online fara verificare la biroul de credit,1,4,25%,8
credit fara loc de munca online,1,4,25%,8.25
credit agricol,1,4,25%,8.5
bani in rate cu buletinu,1,4,25%,16.5
credit nevoi personale moldova,1,4,25%,18.75
imprumuturi persoane fizice,1,4,25%,18.75
credite mici,1,4,25%,19.25
credite refinantare pentru rau platnici,1,3,33.33%,5.67
imprumut rapid fara venit,1,3,33.33%,6.67
credit 24/7 online,1,3,33.33%,7.67
credite fara acte,1,3,33.33%,8
persoane care ofera bani cu imprumut,1,3,33.33%,8.67
împrumuturi,1,3,33.33%,8.67
credit aprobat online fara verificare,1,3,33.33%,9.67
refinantare credite cu istoric negativ,1,3,33.33%,20
credit persoana fizica,1,3,33.33%,20.67
credit pentru restantieri,1,3,33.33%,22
credit mic,1,3,33.33%,27.33
кредит рапид,1,3,33.33%,28
credite 18 ani,1,3,33.33%,29.67
credit refinantare istoric negativ,1,3,33.33%,30.33
refinantare ifn uri cu istoric negativ,1,3,33.33%,34.67
credit de la 18 ani,1,3,33.33%,52
refinantare credit fara verificare in biroul de credit,1,2,50%,1.5
institutii nebancare care acorda credite,1,2,50%,5
moldova,1,2,50%,5.5
ещё варианты,1,2,50%,7.5
banci care dau credit cu istoric negativ,1,2,50%,9
credite pt pensionari fara limita de varsta,1,2,50%,9
comparator credite,1,2,50%,9.5
credit pana la salariu fara dobanda,1,2,50%,10
credit pe firma rapid,1,2,50%,10
iddeal credit,1,2,50%,10
cerere credit,1,2,50%,10.5
credit olain,1,2,50%,67.5
credit nebancar fara anaf,1,1,100%,2
credit rapid online fara anaf,1,1,100%,3
pas credit,1,1,100%,3
credit fara extras de cont,1,1,100%,5
credite rapide fara biroul de credit,1,1,100%,5
credit online non stop,1,1,100%,6
credite rapide online cu istoric negativ,1,1,100%,6
bancară,1,1,100%,9
credit online doar cu buletinu,1,1,100%,9
bani fara venit,1,1,100%,10
credit pentru nesalariati,1,1,100%,11
credit online 30 zile fara dobanda,1,1,100%,12
credit auto calculator,1,1,100%,13
credit fara procente,1,1,100%,19
credit fara dobanda 30 zile,1,1,100%,20
credit pe firma,1,1,100%,21
credit 100% online,1,1,100%,46
credit onlain,1,1,100%,48
imprumut fara venit lunar,1,1,100%,51
credit pe card md,1,1,100%,68
credite bancare,0,298,0%,25.3
credit bancar,0,296,0%,25.71
credit fara dobanda,0,267,0%,20.23
credit pentru prima masina,0,261,0%,17.85
credit 0 dobanda,0,250,0%,27.64
credite de refinantare avantajoase,0,245,0%,21.98
credit in banca,0,240,0%,27.73
creditul bancar,0,239,0%,31.33
credite pentru persoane juridice,0,236,0%,28.22
creditare online,0,229,0%,27.13
refinantarea creditului,0,210,0%,28.75
refinantare credit ipotecar,0,209,0%,45.08
credit doar cu buletinul fara adeverinta salariu md,0,207,0%,19.16
credit rapid fara gaj md,0,205,0%,11.02
refinantare credite ipotecare,0,204,0%,44.11
credit doar cu buletinul chisinau,0,171,0%,7.98
credit fără venit lunar md,0,166,0%,11.08
credite fara gaj chisinau,0,166,0%,11.61
credite pentru toti,0,157,0%,16.22
credit imobiliar persoane juridice,0,155,0%,41.43
credite fara gaj chişinău,0,154,0%,11.04
credite chisinau fara gaj,0,152,0%,11.05
vcredit recenzie,0,149,0%,7.77
auto credit,0,135,0%,32.03
credit persoane juridice,0,134,0%,30.71
credit pe card,0,126,0%,33.56
credite doar cu buletinul chisinau,0,125,0%,10.14
credit fara loc de munca md,0,119,0%,11.84
masini in credit,0,118,0%,20.06
credite moldova pentru persoane fizice fara gaj,0,117,0%,13.14
imprumut rapid,0,117,0%,19.68
credit fara gaj si fara certificat de salariu,0,114,0%,26.23
imprumut nebancar,0,112,0%,3.79
masina in credit,0,112,0%,22.52
creditmd,0,109,0%,8.5
credite fara certificat de salariu,0,109,0%,18.34
imprumut nebancar rapid,0,103,0%,6.81
credit ipotecar persoane juridice,0,102,0%,37.67
credit rapid cerere online,0,100,0%,16.31
credit pentru masina,0,99,0%,33.64
credit simplu md,0,97,0%,15.88
credite fara gaj moldova,0,96,0%,15.94
credite fara adeverinta salariu,0,96,0%,21.07
credite fara gaj md,0,94,0%,14.84
credite pentru toti recenzii,0,93,0%,11.09
auto in credit,0,93,0%,25.49
credite pentru afaceri,0,91,0%,30.7
credite pentru toti recenzie,0,88,0%,7.94
credite pentru masina,0,88,0%,23.09
imprumut online urgent nebancar,0,87,0%,7.66
credite rapide nebancare,0,84,0%,6.21
credit rapid nebancar,0,80,0%,8.88
credite pentru biznes in moldova,0,80,0%,36.41
imprumut urgent nebancar,0,79,0%,6.41
imprumuturi rapide nebancare,0,78,0%,2.97
imprumut nebancar urgent,0,76,0%,7.43
credit nebancar cu aprobare rapida,0,74,0%,7.73
imprumuturi online nebancare,0,72,0%,6.49
imprumut nebancar pe termen lung,0,72,0%,11.11
credit masina,0,72,0%,34.99
credit nebancar rapid online,0,71,0%,6.52
credit auto chisinau,0,71,0%,31.14
imprumuturi nebancare rapide,0,69,0%,8.9
imprumut rapid nebancar,0,68,0%,9.09
credit pentru masina second hand,0,67,0%,7.73
vcredit recenzii,0,66,0%,10.52
imprumut rapid online nebancar,0,65,0%,7.86
imprumut nebancar online,0,65,0%,8.77
credit pe o luna,0,65,0%,18.18
credite urgente nebancare,0,64,0%,5.67
imprumuturi rapide online nebancare,0,64,0%,6.66
credite nebancare rapide,0,63,0%,5.94
credit doar cu buletinul md,0,63,0%,13.65
automobil in credit,0,63,0%,18.89
credit automobil,0,63,0%,28.89
credite rapide online nebancare,0,62,0%,7.84
imprumut de bani rapid,0,62,0%,16.13
imprumuturi nebancare online,0,61,0%,6.87
imprumut online nebancar,0,61,0%,8.56
vreau credit urgent nebancar,0,60,0%,5.92
imprumut rapid nebancar online,0,60,0%,7.37
credit avantajos,0,59,0%,26.1
imprumuturi nebancare rapide online,0,58,0%,7.48
imprumuturi urgente nebancare,0,57,0%,3.89
perfect credit,0,57,0%,5.7
business loans,0,57,0%,12.21
imprumuturi urgente bancare nebancare,0,56,0%,3.57
imprumut nebancar doar cu buletinul,0,56,0%,7.25
credite urgent,0,55,0%,11.64
credite fara gaj doar cu buletinul,0,55,0%,13.31
imprumut,0,55,0%,21.67
credit nebancar prin telefon,0,54,0%,4.67
imprumuturi urgente,0,54,0%,12.72
bani până la salariu,0,54,0%,23.89
credite rapide nebancare doar cu buletinul,0,53,0%,5.62
vreau imprumut urgent nebancar,0,53,0%,5.62
credit pentru automobil,0,52,0%,21.42
imprumut pentru masina,0,52,0%,28.62
imprumut nebancar fara garantii,0,51,0%,5.96
credit pentru mașină,0,51,0%,26.55
imprumuturi rapide nebancare online,0,50,0%,6.58
banii imprumut urgent,0,50,0%,18.7
auto in credit chisinau,0,50,0%,23.1
credit autoturism,0,50,0%,31.12
ce se intampla daca nu platesti rata la banca,0,50,0%,45.26
imprumuturi nebancare md,0,49,0%,5.61
finantare fara banca,0,49,0%,6.29
imprumut de urgenta,0,49,0%,9.1
imprumut fara loc de munca,0,49,0%,12.22
imprumuturi bani urgent,0,49,0%,19.1
credite fara loc de munca oficial,0,48,0%,12.96
credit auto fara complicatii,0,48,0%,16.81
credite pentru toţi,0,48,0%,18.67
imprumut auto,0,48,0%,29.42
credit nebancar automobil,0,47,0%,8.57
masini in credit fara prima rata,0,47,0%,14.38
credite rapid,0,47,0%,14.55
imprumut pe termen lung,0,47,0%,25.3
credit rapid nebancar online,0,46,0%,6.17
imprumut de bani urgent,0,46,0%,12.74
imprumuturi rapide de bani,0,46,0%,12.87
imprumuturi pe termen lung,0,46,0%,22.93
bani imprumut,0,46,0%,25.54
împrumut auto,0,46,0%,33.59
am nevoie de bani urgent azi,0,46,0%,38.67
credit pentru autoturism fara batai de cap,0,45,0%,10.73
imprumut bani urgent,0,45,0%,19.87
credit cu dobanda avantajoasa,0,45,0%,28.22
obtine un imprumut pentru masina,0,44,0%,13.82
credit auto fara gaj,0,44,0%,22.64
vreau un credit urgent,0,44,0%,22.64
oferte credit auto,0,44,0%,26.48
credit auto fara avans,0,44,0%,30.73
credit doar cu buletinul fara adeverinta salariu,0,43,0%,15.74
credite online doar cu buletinul,0,43,0%,15.91
costuri credit auto,0,43,0%,24.42
credit auto online,0,43,0%,28.49
cum obtii un credit pentru masina,0,43,0%,30.81
credit auto direct si rapid,0,43,0%,36.51
calculator credite,0,43,0%,43.77
vreau imprumut rapid nebancar,0,42,0%,9.31
credite mari,0,42,0%,15.88
credit usor pentru masina,0,42,0%,20.38
credit imobiliar fara ipoteca,0,42,0%,42.05
credite rapide nebancare online,0,41,0%,5.56
cit timp se pastreaza istoria creditara,0,41,0%,9.12
finantare pentru automobil,0,41,0%,14.95
credit auto rate,0,41,0%,23.83
bani imprumut urgent,0,41,0%,25.76
credit privat auto,0,41,0%,26.12
finantare masina,0,41,0%,34.46
rate pentru masina,0,40,0%,17.25
credit auto pentru persoane fizice,0,40,0%,18.48
credit online direct pe card,0,40,0%,21.02
imprumut usor masina,0,40,0%,22.68
masina prin credit,0,40,0%,26.73
finantare auto,0,40,0%,40.1
credite online rapide,0,39,0%,19.62
credit pentru afacere,0,39,0%,20.28
credit auto persoane,0,39,0%,22.1
imprumut pana la salariu online,0,39,0%,29.82
bani imprumut rapid,0,39,0%,30.92
imprumuturi bani nebancare,0,38,0%,3.34
vreau credit rapid nebancar,0,38,0%,7.89
imprumut auto simplu,0,38,0%,20.03
solicitare credit auto,0,38,0%,21.24
auto pe credit,0,38,0%,31.55
credite de consum,0,38,0%,38.13
posibilitate de plata in rate pentru masina,0,37,0%,14.86
credit urgent azi,0,37,0%,15.86
imprumut bani rapid,0,37,0%,17.95
credit auto rapid,0,37,0%,20.95
credit auto in rate,0,37,0%,21.05
rata lunara pentru masina,0,37,0%,22.11
masina in credit chisinau,0,37,0%,23.46
credit automobil fara banca,0,37,0%,24.7
credit fara ghiseu,0,36,0%,12.08
imprumut bancar rapid,0,36,0%,14.03
onlain credit,0,36,0%,20.31
imprumut rapid auto,0,36,0%,21.92
vreau un credit rapid,0,36,0%,25.47
imprumuturi urgente de bani,0,35,0%,12.09
auto in credit fara prima rata,0,35,0%,13.89
imprumuturi rapide,0,35,0%,15.71
credit auto fara dosar complicat,0,35,0%,15.86
imprumut pentru masina noua,0,35,0%,16.46
credit auto fara analiza bancara,0,35,0%,19.57
imprumut bani pe termen lung,0,35,0%,24.74
imprumut pentru afacere,0,35,0%,29.06
credit alternativ auto,0,35,0%,29.8
credite auto,0,35,0%,33.66
рефинансирование без отказа в молдове,0,35,0%,55.97
ocn,0,34,0%,8.53
imprumut direct pentru auto,0,34,0%,15.85
credit pentru achizitia unei masini,0,34,0%,17.24
imprumut masina direct,0,34,0%,20.85
conditii pentru credit auto in 2025,0,34,0%,23
oferte de credite bancare,0,34,0%,23.97
imprumut auto la cerere,0,34,0%,24.41
imprumut urgent,0,34,0%,27.06
credit auto pe loc,0,34,0%,28.32
auto cu credit,0,34,0%,30.32
ideal,0,33,0%,3.88
credit auto fara salariu mare,0,33,0%,15.36
împrumut urgent,0,33,0%,18.3
vreau sa fac un imprumut urgent,0,33,0%,21.42
imprumut fara complicatii,0,33,0%,23.42
împrumut,0,33,0%,32.7
credit sigur si rapid,0,33,0%,33.42
credit auto adaptabil,0,33,0%,39.91
credit pentru soferi,0,33,0%,40.06
finantare fara avans,0,33,0%,44.33
bani la procente chisinau,0,32,0%,5.75
credit cu buletinul fara venit,0,32,0%,7.19
achitare credit nebancar online,0,32,0%,11.94
credit auto simplu,0,32,0%,19.47
finantare personala pentru automobil,0,32,0%,26.19
aprobare credit auto,0,32,0%,35.06
cea mai buna optiune de credit auto,0,32,0%,40.31
imprumut vehicul,0,31,0%,8.68
credite fara gaj balti,0,31,0%,17.26
vreau sa imprumut bani urgent,0,31,0%,17.61
imprumut moldova,0,31,0%,19.23
obtine un credit auto usor,0,31,0%,20.52
auto in credit moldova,0,31,0%,22.45
împrumuturi online,0,31,0%,22.45
împrumut rapid,0,31,0%,22.74
credit rapid pentru masina,0,31,0%,24.23
credit de cosum,0,31,0%,39.32
credit auto cu rata lunara accesibila,0,31,0%,46.48
banilor,0,31,0%,62
refinantare credit nevoi personale,0,30,0%,7.7
credit fără verificare baza date moldova,0,30,0%,9.83
credit fara intermediar,0,30,0%,10.57
imprumut automobil,0,30,0%,14.53
rata lunara fixa auto,0,30,0%,23.23
ce se intampla daca nu achiti creditul,0,29,0%,8.17
credit rapid urgent,0,29,0%,17.21
imprumut simplu si rapid,0,29,0%,20.83
credit pentru nevoi personale,0,29,0%,21
imprumut rapid bani,0,28,0%,20.54
credit pe termen lung,0,28,0%,20.64
rata credit nevoi personale,0,28,0%,30.36
achizitie auto cu credit,0,28,0%,33.86
finantare accesibila pentru masina,0,27,0%,24.63
consultanta credit auto,0,27,0%,30.67
bun credit,0,26,0%,8
credit auto cu aprobare rapida,0,26,0%,15.38
credit perfect.md,0,25,0%,7.48
cerere credit online,0,25,0%,11.36
credit urgent online md,0,25,0%,14.96
credit prin telefon,0,25,0%,26.44
credit consum,0,25,0%,29.28
credite garantate,0,25,0%,34.52
contract de credit,0,25,0%,35.84
finantare flexibila pentru automobil,0,25,0%,37.24
imprumut direct pe card,0,24,0%,14.46
credit doar cu buletinul fără adeverinta salariu md,0,23,0%,14.96
imprumut personal auto,0,23,0%,21.52
finantare auto rapida,0,23,0%,25.26
credit pentru persoane juridice,0,23,0%,32.43
finantare discreta auto,0,23,0%,60.13
credit online urgent,0,22,0%,19.64
dobanda credit,0,22,0%,31.45
finantare usoara pentru masina,0,22,0%,33.23
solutii financiare,0,21,0%,7.57
verifica istoria creditara,0,21,0%,9.71
dino credit recenzii,0,21,0%,12.05
ok credit moldova,0,21,0%,12.48
credit comod,0,21,0%,18.29
credit doar cu buletinul balti,0,21,0%,20.57
solutii financiare auto,0,21,0%,59.81
imprumuturi rapide online,0,20,0%,18.05
credit online pe termen lung,0,20,0%,27.4
imprumut rapid fara adeverinta de venit,0,20,0%,27.4
credit capital,0,19,0%,6.32
imprumut rapid de bani,0,19,0%,18.58
banca cu cea mai mica dobanda,0,19,0%,19.53
imprumut online,0,19,0%,24
contractul de credit bancar,0,19,0%,28.32
simulare credit auto,0,19,0%,38.95
flexcredit md,0,18,0%,3.72
refinantare credit ce inseamna,0,18,0%,7.94
credit doar cu buletin,0,18,0%,17.72
credit sigur,0,18,0%,18
credite pentru afaceri noi,0,18,0%,22.72
credite nevoi personale,0,18,0%,30.78
auto cu imprumut,0,17,0%,17.41
credit auto fara drumuri inutile,0,17,0%,30.88
credit pentru pensionari,0,17,0%,43.65
credit pentru reparatie,0,16,0%,10.31
ce este dobanda,0,16,0%,16.38
persoane fizice care dau bani împrumut,0,16,0%,16.81
credit.,0,16,0%,18.56
credit doar cu buletinu,0,16,0%,21.19
imprumut.md,0,16,0%,21.31
credite online urgent,0,16,0%,21.5
credit simplu si rapid,0,16,0%,22.56
imprumut persoana fizica,0,16,0%,27
vreau credit rapid,0,16,0%,35.06
credit cu buletin,0,14,0%,11.93
кредит,0,14,0%,15.14
ce se intampla daca nu platesc creditul de nevoi personale,0,14,0%,55.43
credite online rapide doar cu buletinul,0,13,0%,13.46
кредиты кишинев,0,13,0%,21.38
credit ușor,0,13,0%,22.62
calcul credit nevoi personale,0,13,0%,38.46
imprumuturi de la persoane fizice,0,12,0%,11.25
imprumut chisinau,0,12,0%,15.83
imprumut de bani,0,12,0%,16.08
flexcredit,0,11,0%,5.18
legal credit,0,11,0%,5.27
credit bun achitare,0,11,0%,10.27
credit balti,0,11,0%,38.18
plata in rate auto,0,11,0%,38.73
refinantare credit istoric negativ,0,10,0%,6.3
banci care dau credit cu buletinul,0,10,0%,7.6
site uri cu anunturi de bani imprumut intre persoane fizice,0,10,0%,8.6
bani la procente de la oameni,0,10,0%,9.1
credite nebancare fara birou de credit,0,10,0%,12.4
credite rapide online doar cu buletinul,0,10,0%,13.1
md credit,0,10,0%,17.8
credit de la persoane fizice,0,10,0%,17.9
makler bani la procente,0,10,0%,28.9
imprumut rapid cu buletinul,0,10,0%,29.8
imprumut urgent online,0,10,0%,31.8
ajutor financiar pentru automobil,0,10,0%,50.1
credite ipotecare avantajoase,0,10,0%,50.9
credit bancar cu istoric negativ,0,9,0%,3.11
refinanțare credit nevoi personale,0,9,0%,7.22
credit pentru srl,0,9,0%,10
credit online fara loc de munca,0,9,0%,12.22
credit da,0,9,0%,14.11
credit online cu buletinul,0,9,0%,17.56
credit rapid auto,0,9,0%,19.11
imprumuturi online,0,9,0%,27.22
creditbun.md,0,9,0%,28.11
credite pentru rau platnici online,0,9,0%,40.11
imprumuturi pentru afaceri,0,9,0%,42.44
credit cu gaj imobiliar,0,9,0%,47.11
кредитная история молдова,0,9,0%,51.89
new credit,0,8,0%,3.75
credit fara contract de munca,0,8,0%,6.62
credit m,0,8,0%,8.12
creditrapid.md,0,8,0%,22
oameni care dau bani imprumut md,0,8,0%,22.38
rapid credit,0,8,0%,26.5
creditul,0,8,0%,31.62
credit urgent online,0,8,0%,32.38
imprumut rapid online,0,8,0%,34.62
evolutia banilor,0,8,0%,35.38
bani imprumut rapid online,0,8,0%,36.25
credite de la 18 ani,0,8,0%,36.62
самый выгодный кредит в молдове,0,8,0%,47.25
cumparare masina cu ajutor financiar,0,8,0%,50.88
credit rapid online nebancar,0,8,0%,51.12
credite ipotecare moldova,0,8,0%,74.62
dobânda,0,7,0%,6.57
credit fără loc de munca,0,7,0%,6.71
credit rapid fara verificare birou credit,0,7,0%,8
împrumut cu istoric negativ,0,7,0%,8.14
credite persoane fizice fara garantii,0,7,0%,8.57
credit personal,0,7,0%,9.14
persoana fizica ofer bani imprumut,0,7,0%,9.29
credit online fara salariu,0,7,0%,10.86
cumpara masina in rate,0,7,0%,11.43
imprumuturi online urgente,0,7,0%,12.57
credit pe termen scurt,0,7,0%,13.43
imprumuturi urgente online,0,7,0%,17
refinantare credit moldova,0,7,0%,19.71
istoria banilor,0,7,0%,21.14
imprumut bani online,0,7,0%,23.29
persoane fizice care dau bani imprumut,0,7,0%,25.14
credit simplu online,0,7,0%,25.29
onlinecredit,0,7,0%,29
credit automobile,0,7,0%,30.14
credite cu gaj automobil,0,7,0%,30.43
imprumut online rapid,0,7,0%,31.43
creditul auto,0,7,0%,32.71
credit pentru prima afacere,0,7,0%,34.86
кредит кишинев,0,7,0%,46.86
кредит без справок и поручителей в молдове,0,7,0%,51
как проверить кредитную историю в молдове,0,7,0%,57.57
ecredit,0,6,0%,2.33
credite afaceri,0,6,0%,3.83
credite online nebancare doar cu buletinul,0,6,0%,4.17
credit start up,0,6,0%,5.5
credit fara loc de munca oficial,0,6,0%,6
credit fara dovada de venit,0,6,0%,7.33
cerere online,0,6,0%,8.33
credit rapid srl,0,6,0%,8.33
credite pentru srl,0,6,0%,8.83
credit fara angajare,0,6,0%,9
credit fara venit stabil,0,6,0%,9.17
e credit md,0,6,0%,10.17
credit online fara refuz moldova,0,6,0%,11.67
telefon in credit,0,6,0%,11.83
credit nevoi personale nebancare,0,6,0%,12.67
credit nevoi personale nebancar,0,6,0%,13
dino credit,0,6,0%,14.17
automobile in credit,0,6,0%,16
imprumut bani,0,6,0%,18.83
credit pana la salariu online,0,6,0%,19.17
credit pentru afaceri moldova,0,6,0%,23.5
prima finantare,0,6,0%,25.33
credit 18 ani,0,6,0%,27
calculator rata credit nevoi personale,0,6,0%,29.33
împrumut rapid online,0,6,0%,33.83
credite nonbancare,0,6,0%,50.33
дешевый кредит,0,6,0%,56.67
credit pana la salariu pe loc,0,6,0%,60.67
кредит для автомобиля,0,6,0%,76.33
da,0,5,0%,3.4
ezi credit,0,5,0%,4
birou de credit online,0,5,0%,4.8
card nebancar,0,5,0%,5.8
credite fara loc de munca,0,5,0%,7.2
refinantare credit online,0,5,0%,7.2
credit e,0,5,0%,7.4
cine ofera credit fără refuz,0,5,0%,7.6
credit pana la salariu doar cu buletinul,0,5,0%,7.6
credit 24 din 24,0,5,0%,8
imprumut fara refuz,0,5,0%,8
credit doar cu buletinul fara venit,0,5,0%,8.2
imprumut pana la salariu urgent,0,5,0%,8.2
credite mici si rapide,0,5,0%,8.4
credit 10000 lei,0,5,0%,8.6
credit la orice ora,0,5,0%,8.8
credite online urgente,0,5,0%,8.8
am nevoie de bani urgent,0,5,0%,9
cel mai bun credit de nevoi personale,0,5,0%,9.4
credite persoane juridice fara garantii,0,5,0%,9.6
bani credit,0,5,0%,10
cumpara masina cu imprumut,0,5,0%,11
credit pentru auto second-hand,0,5,0%,12.8
credit rapid cu buletinul,0,5,0%,14
auto in credit md,0,5,0%,14.6
dino credit recenzie,0,5,0%,15.2
credit pentru achitarea altor credite,0,5,0%,17.2
imprumut cu buletinul,0,5,0%,17.6
credite pentru moldovenii din strainatate,0,5,0%,18.2
credit afacere tineri,0,5,0%,18.6
credite online rapid,0,5,0%,22.4
credite nebancare pentru restantieri,0,5,0%,39.2
credite balti,0,5,0%,39.4
finantare in rate,0,5,0%,45.6
credit urgent restantieri,0,5,0%,47
credite rapide pentru restantieri,0,5,0%,68.2
credit ipotecar md,0,5,0%,85.6
credit de nevoi personale cu istoric negativ,0,4,0%,3.25
credit online rapid cu istoric negativ,0,4,0%,5
nebancare,0,4,0%,5.25
credit cu restante active,0,4,0%,5.5
de unde pot imprumuta bani daca nu lucrez,0,4,0%,5.75
cred md,0,4,0%,6.75
credite rau platnici,0,4,0%,7.25
refinantari credite,0,4,0%,8
banci care refinanteaza credite restante,0,4,0%,8.5
crefite,0,4,0%,8.75
cel mai avantajos credit de nevoi personale,0,4,0%,9.5
credit rapide,0,4,0%,9.75
moldova credit,0,4,0%,11
ce inseamna refinantare,0,4,0%,11.25
credite fara biroul de credit,0,4,0%,11.75
credit capital de lucru,0,4,0%,12.25
credit fara salariu,0,4,0%,12.25
imprumut.md chisinau,0,4,0%,13.25
credite de nevoi personale,0,4,0%,14.25
biroul istoriilor de credit,0,4,0%,14.5
imprumut pentru nevoi personale,0,4,0%,14.75
bani urgent,0,4,0%,15.25
bani pana la salariu pentru restantieri,0,4,0%,19
imprumuturi online rapide,0,4,0%,19.25
mobiasbanca calculator credit,0,4,0%,21
credit cu restante,0,4,0%,25.25
creditbun,0,4,0%,25.25
credit foarte rapid online,0,4,0%,25.5
credit 20 nevoi 20 personale 20 rapid,0,4,0%,34.25
credite pentru persoane fizice,0,4,0%,36
imprumuturi nebancare pentru restantieri,0,4,0%,43
беспроцентный кредит в молдове,0,4,0%,43.25
кредит безработным в молдове,0,4,0%,47.75
acces la finantare auto,0,4,0%,65.75
credite imobiliare moldova,0,4,0%,66.75
firme de creditare nebancare,0,3,0%,2
auto-finance,0,3,0%,2.33
credir,0,3,0%,2.67
credit pentru cei cu istoric negativ,0,3,0%,2.67
refinanțare cu istoric negativ,0,3,0%,2.67
easycredit md,0,3,0%,3
credit cu,0,3,0%,3.67
imprumuturi de la persoane fizice fara garantii,0,3,0%,3.67
banci care acorda credite fara carte de munca,0,3,0%,4
crdite,0,3,0%,4
credite fara garantii,0,3,0%,4
ideal bank,0,3,0%,4
imprumuturi rapide cu istoric negativ,0,3,0%,4.33
credit new,0,3,0%,5
credit rapid pe termen scurt,0,3,0%,5
banci care nu lucreaza cu biroul de credit,0,3,0%,5.33
credit persoane cu istoric negativ,0,3,0%,5.33
bon credit,0,3,0%,6
cum se calculeaza dae,0,3,0%,6
cele mai bune credite de nevoi personale,0,3,0%,6.33
credit fara verificare in biroul de credit,0,3,0%,6.33
imprumut bancar fara loc de munca,0,3,0%,6.33
imprumut fara verificare in biroul de credit,0,3,0%,6.33
cele mai bune credite,0,3,0%,6.67
compara credite,0,3,0%,7
credit bancar pe termen scurt,0,3,0%,7
credit fara,0,3,0%,7
credit online 24 7 nevoi personale,0,3,0%,7
nu,0,3,0%,7.33
credit direct,0,3,0%,7.67
biroul de credite rapide,0,3,0%,8
companii de creditare moldova,0,3,0%,8
credit fara biroul de credit,0,3,0%,8
imprumut pe termen scurt,0,3,0%,8
refinatare,0,3,0%,8
o credit,0,3,0%,8.67
credi rapid,0,3,0%,9.33
credit rapid fara verificare,0,3,0%,9.67
bani rapizi,0,3,0%,10
credit online fara dobanda,0,3,0%,10
credit un,0,3,0%,10
raport de credit persoane fizice,0,3,0%,10
banci credite nevoi personale,0,3,0%,11.67
credit pe 3 luni,0,3,0%,11.67
auto in rate fara banca md,0,3,0%,12
împrumuturi rapide,0,3,0%,12.67
credite pentru politisti,0,3,0%,15.33
imprumut online urgent,0,3,0%,15.33
credit de nevoi,0,3,0%,15.67
credite nevoi personale online,0,3,0%,16
ce se intampla daca nu platesti un credit nebancar,0,3,0%,16.67
credit online nevoi personale,0,3,0%,16.67
credit rapid pana la salariu,0,3,0%,16.67
credit numai cu buletinul,0,3,0%,17
credite masina,0,3,0%,17.33
credit fara istorie creditara,0,3,0%,19.67
credit auto srl,0,3,0%,20.33
credit restantieri,0,3,0%,20.33
imprumut personal,0,3,0%,20.33
кредит мд,0,3,0%,20.33
credit de nevoi personale online,0,3,0%,21.67
credit cu garantie auto,0,3,0%,22.67
rata credit,0,3,0%,23.67
credite pentru militari,0,3,0%,27.33
dau bani la procente prin notar,0,3,0%,27.33
calculator credit online,0,3,0%,28
credite cu buletinu,0,3,0%,28
credite rapide doar cu buletinul,0,3,0%,30
credite onlain,0,3,0%,32
masini credit,0,3,0%,32
credit urgent azi cu istoric negativ,0,3,0%,32.67
fincombank credit online,0,3,0%,34
ce documente îmi trebuie pentru un credit pe firmă,0,3,0%,36.33
credit pentru auto,0,3,0%,36.33
credit 30 zile fara dobanda,0,3,0%,38.67
fincombank credit,0,3,0%,38.67
небанковский кредит,0,3,0%,40.67
credit 24,0,3,0%,44.33
credite nevoi personale nebancare,0,3,0%,44.67
получить кредит в кишиневе,0,3,0%,44.67
solutii rapide pentru masina,0,3,0%,46.33
выгодные кредиты в молдове,0,3,0%,46.67
firme de recuperare credite bancare,0,3,0%,50.67
finantare auto simplificata,0,3,0%,52.33
кредит в молдове без справки о доходах,0,3,0%,54
credit 50000 lei,0,3,0%,56.33
кредит в кишиневе,0,3,0%,64.33
ce se intampla daca nu platesc rata la banca o luna,0,2,0%,1
refinantate credit nevoi personale,0,2,0%,2
credit fara istoric negativ,0,2,0%,2.5
credite cu istoric negativ in biroul de credit,0,2,0%,2.5
credit srl nou infiintat,0,2,0%,3
institutii financiare nebancare,0,2,0%,3
euro kredit,0,2,0%,3.5
credit non bancar,0,2,0%,4
crédit,0,2,0%,4
in moldova,0,2,0%,4
credite negarantate,0,2,0%,4.5
credite pentru cei cu istoric negativ,0,2,0%,4.5
bani imprumut fara loc de munca,0,2,0%,5
credit istoric negativ online,0,2,0%,5
credit pe firma srl,0,2,0%,5
ecredit md,0,2,0%,5
bănci care acordă credite rău platnicilor,0,2,0%,5.5
credi,0,2,0%,5.5
credit startup,0,2,0%,5.5
imprumuturi fara birou de credit,0,2,0%,5.5
nevoi personale,0,2,0%,5.5
refinantare credite ifn,0,2,0%,5.5
în moldova,0,2,0%,5.5
быстрый кредит в молдове,0,2,0%,5.5
credit nebancar doar cu buletinul,0,2,0%,6
credit urgent istoric negativ,0,2,0%,6
credit usor de obtinut,0,2,0%,6
refinantare banci,0,2,0%,6
refinantare credit de la alta banca,0,2,0%,6.5
împrumuturi avantajoase pentru polițiști,0,2,0%,6.5
кредиты в кишиневе,0,2,0%,6.5
credit da contact,0,2,0%,7
credit fara venituri,0,2,0%,7
credit zero,0,2,0%,7
credite restantieri,0,2,0%,7
rata fara,0,2,0%,7
tipuri de dobanda,0,2,0%,7
кредит без проверки кредитной истории молдова,0,2,0%,7
bani imprumut intre persoane fizice fara taxe in avans,0,2,0%,7.5
credit lunar,0,2,0%,7.5
credit rapid persoane juridice,0,2,0%,7.5
credite nevoi personale cu istoric negativ,0,2,0%,7.5
istoric credite,0,2,0%,7.5
lista credit,0,2,0%,7.5
refinantare online,0,2,0%,7.5
credit imediat,0,2,0%,8
credit online 24 7 cu istoric negativ,0,2,0%,8
credit pe loc,0,2,0%,8
credit pentru persoane fara venituri,0,2,0%,8
flexcredit moldova,0,2,0%,8
imprumuturi bani,0,2,0%,8
imprumuturi rapide fara loc de munca,0,2,0%,8
pana credit,0,2,0%,8
credit online la orice ora,0,2,0%,8.5
credite firme noi infiintate,0,2,0%,8.5
credite urgente online fara verificare birou credite,0,2,0%,8.5
sa credit,0,2,0%,8.5
împrumut doar cu buletinul,0,2,0%,8.5
микрозайм рядом со мной,0,2,0%,8.5
cel mai bun credit,0,2,0%,9
credide,0,2,0%,9
credit 0 dobanda prima luna,0,2,0%,9
credit pe cateva zile,0,2,0%,9
credit prima afacere,0,2,0%,9
credit rupya,0,2,0%,9
imprumut fara biroul de credit,0,2,0%,9
imprumut rapid online fara birou de credit,0,2,0%,9
o.c.n,0,2,0%,9
reesalonare credit,0,2,0%,9
cele mai avantajoase credite de nevoi personale,0,2,0%,9.5
istoric biroul de credit,0,2,0%,9.5
primul imprumut fara dobanda,0,2,0%,9.5
rambursa,0,2,0%,9.5
credit auto persoane juridice,0,2,0%,10